10pf	10PF: TASK-2 at pH 8.5 with 100 uM Bupivacaine	brohawn@berkeley.edu
23tu	23TU: Cryo-EM structure of Arabidopsis H3-H4 octasome class2	takasuka@agr.hokudai.ac.jp
9pbs	9PBS: Core SWI/SNF of PIC-Med-SWI/SNF-Nucleosome	shigekin@stanford.edu
9sup	9SUP: S-Adenosylmethionine synthetase of Thermococcus kodakarensis in complex with (S,S)-SAM and PPNP	wulf.blankenfeldt@helmholtz-hzi.de
9vqi	9VQI: Structure of E1 bound to DNA fragment	weimanxing@shnu.edu.cn
9vlp	9VLP: Co-crystal structure of PA3774 bound to a trifluoromethyl oxadiazole inhibitor	gfyang@mail.ccnu.edu.cn
9yj2	9YJ2: PC94-A.30 Fab in complex with BG505 SOSIP trimer and RM20A3 Fab	andrew@scripps.edu
9z9k	9Z9K: Cryo-EM structure of Leishmania tarentolae respiratory complex III (cytochrome bc1 complex)	chao@molbio.mgh.harvard.edu
38ww	38WW: Crystal structure of the CFTR inhibitory factor Cif with the S179G mutation	dean.r.madden@dartmouth.edu
9wyy	9WYY: Crystal structure of LwHicA	liangliu2019@xmu.edu.cn
12aa	12AA: NMR structure and free-energy simulations for rational design of myotonic dystrophy RNA inhibitors	mwledeboer@gmail.com
12ar	12AR: Cryo-EM structure of alpha-synuclein filaments (singlet) from M83(+/+) mouse brains with A53T mutation	Yang.Yang@vai.org
30qu	30QU: Cryo-EM structure of the E. coli DRT10 RT-ncRNA complex, Eco3 subtype.	shsternberg@gmail.com
35sl	35SL: Polar Interface Homodimer - S2B	bkuhlman@email.unc.edu
44zg	44ZG: Sunflower protein amyloid fibrils - PM2	caoqin@sjtu.edu.cn
9srq	9SRQ: Full-length cryo-EM structure of essential Mycoplasma pneumoniae lipoprotein Mpn444	achilleas.frangakis@biophysik.org
9w8b	9W8B: human VMAT2 in complex with lobeline	jiangdh@iphy.ac.cn
9wz0	9WZ0: Crystal structure of HicA-HicB complex	liangliu2019@xmu.edu.cn
26sg	26SG: Sunflower protein amyloid fibrils	caoqin@sjtu.edu.cn
38lp	38LP: Salmonella Flagellar Export Apparatus (FliPQR/FlhB/FlhA) in the context of the intact basal body with an asymmetric FlhA ring	susan.lea@stjude.org
9wyz	9WYZ: Crystal structure of LwHicB	liangliu2019@xmu.edu.cn
12aq	12AQ: Cryo-EM structure of alpha-synuclein filaments (doublet) from Parkinson's disease with A53T mutation in SNCA	Yang.Yang@vai.org
22ok	22OK: Cryo-EM structure of AtSLAH3 S343V mutant	2024203060022@whu.edu.cn
26da	26DA: Cryo-EM structure of spike protein within graphene reservoir sandwich	hongweiwang@tsinghua.edu.cn
44kh	44KH: Cryo-EM structure of AtSLAH3 7D/L400A mutant	2024203060022@whu.edu.cn
9xv0	9XV0: Crystal Structure of class C beta-lactamase PDC-16 from P.aeruginosa.	immanuel.d@vit.ac.in
45as	45AS: Crystal structure of C11 nanobody in complex with human MR1-Ac-6-FP	Wael.awad@monash.edu
23rs	23RS: Cryo-EM structure of Arabidopsis nucleosome	takasuka@agr.hokudai.ac.jp
9suq	9SUQ: Crystal structure of the zymogen of cathepsin D from Schistosoma mansoni	mares@uochb.cas.cz
9x21	9X21: Tetrahymena Ribozyme scaffolded SicX sRNA in complex with C-di-GMP	ccw1124@mail.ustc.edu.com
21ti	21TI: Enterovirus 71 Polymerase (S417G mutant) Elongation Complex with Remdesivir Nucleotides at Product Strand Positions -3 and -5 (C2S4 form)	gongpeng@wh.iov.cn
9suo	9SUO: DtxR-like iron-dependent regulator IdeR complexed with cobalt and a mutated consensus DNA-binding sequence	julia.griese@icm.uu.se
12ew	12EW: Horse liver alcohol dehydrogenase S48T T178S in complex with NADH and N-cylcohexyl formamide	sboxer@stanford.edu
9wzw	9WZW: Crystal structure of CTB10-PEC5.0-1n complex	raoyijian@jiangnan.edu.cn
9vns	9VNS: NADPH and 1-benzyl-4-methylpiperidin-3-one complex structure of glucose dehydrogenase M6 from Bacillus megaterium	1049906677@qq.com
12ev	12EV: Horse liver alcohol dehydrogenase H51E in complex with NADH and N-cylcohexyl formamide	sboxer@stanford.edu
9yiw	9YIW: PC94-A.15 Fab in complex with BG505 SOSIP trimer and RM20A3 Fab	andrew@scripps.edu
9yj3	9YJ3: PC94-A.27 Fab in complex with P94_v18_c046 Chimera DS-SOSIP trimer and RM20A3 Fab	andrew@scripps.edu
11fl	11FL: Structure of GDP-bound KRAS-G12C/Y96D, a Switch-II Pocket Inhibitor Resistance Mutant	dhirendra.simanshu@nih.gov
11ht	11HT: Cryo-EM structure of the human ZNFX1 tetramer	Huilin.Li@vai.org
25wz	25WZ: Cryo-EM structure of the E. coli beta sliding clamp	mkikkawa@m.u-tokyo.ac.jp
9t0g	9T0G: human GDP-L-fucose synthase (C116A) with bound NADP and substrate GDP-D-4-keto-6-deoxy-mannose	bernd.nidetzky@tugraz.at
9tx8	9TX8: Mature MPMV E26A capsid pentamer structure from capsid-like particles	briggs@biochem.mpg.de
9w8c	9W8C: human VMAT2 in complex with MDA	jiangdh@iphy.ac.cn
23tt	23TT: Cryo-EM structure of Arabidopsis H3-H4 octasome class1	takasuka@agr.hokudai.ac.jp
23ty	23TY: Cryo-EM structure of Arabidopsis H3-H4 octasome class5	takasuka@agr.hokudai.ac.jp
37dk	37DK: Discovery of CNS Penetrant Transthyretin (TTR) Stabilizers with Heterocyclic Linkers	shenping.liu@pfizer.com
9x1d	9X1D: apo structure of P2X332	cy.wang@siat.ac.cn
9pc7	9PC7: Core Mediator of PIC-Med-SWI/SNF-Nucleosome	shigekin@stanford.edu
34jy	34JY: IDOL RING domain in complex with PCM-0102246-001	franziska.guenther@cmd.ox.ac.uk
9xk7	9XK7: In situ C2S2M2L4-type PSII-LHCII supercomplex, strongly bound (S-) LHCII trimer with CP26, protomer 2	jiao.li@ustc.edu.cn
9s15	9S15: MspA-M2 in a POPC nanodisc	fred.antson@york.ac.uk
11fu	11FU: Structure of GDP-bound KRAS-G12C/R68S, a Switch-II Pocket Inhibitor Resistance Mutant	dhirendra.simanshu@nih.gov
11ss	11SS: Cryo-EM structure of DNA polymerase Zeta with RNA:DNA hybrid and incoming dNTP	aneel.aggarwal@mssm.edu
28jh	28JH: LASV cap-snatching endonuclease in complex with 2,4-dioxo-4-phenylbutanoic acid - single crystal, cryo	alke.meents@desy.de
29ik	29IK: LASV cap-snatching endonuclease, SFX apo structure	alke.meents@desy.de
31lr	31LR: Crystal structure of Geobacillus thermodenitrificans YqeK in complex with a non-hydrolyzable Ap4A analog	gert.bange@synmikro.uni-marburg.de
38ey	38EY: Isoreticular co-crystal 1 with asymmetrical expanded duplex (31mer) containing insert sequence GACGGCCCG with poly-T tail	Christopher.Snow@colostate.edu
38yy	38YY: Crystal structure of Phosphoribosylaminoimidazole carboxylase from Burkholderia xenovorans in complex with 5'-sulfamoyladenosine	swlovell@ku.edu
39aj	39AJ: Crystal structure of the CFTR inhibitory factor Cif with the H269C mutation labelled with a fluorine probe	dean.r.madden@dartmouth.edu
9sug	9SUG: High Throughput Crystallography to Combat Antibiotic Resistance - VIM2 with compound x0822	christopher.schofield@chem.ox.ac.uk
9tyv	9TYV: Cryo-EM structure of human TMEM45B with a bound GM3 (18:1;O2/24:1)	mariana.grieben@gmail.com
9xk6	9XK6: In situ C2S2M2L4-type PSII-LHCII supercomplex, strongly bound (S-) LHCII trimer with CP26, protomer 1	jiao.li@ustc.edu.cn
9y6a	9Y6A: The cold-open state (OM, 4C), menthol-bound mouse TRPM8-I846V in complex with AITC and PIP2	seok-yong.lee@duke.edu
12cx	12CX: D189K thrombin inhibited with D-Phe-Pro-Phe-Chloromethylketone	enrico.dicera@health.slu.edu
11rj	11RJ: D189A thrombin inhibited with D-Phe-Pro-Arg-Chloromethylketone	enrico.dicera@health.slu.edu
12cy	12CY: D189K thrombin inhibited with D-Phe-Pro-Gln-Chloromethylketone	enrico.dicera@health.slu.edu
21wh	21WH: In situ structure of the trans-stromal PSII-LHCII dimer(TS dimer) from Oryza sativa	jiao.li@ustc.edu.cn
24tn	24TN: Crystal structure of class C beta-lactamase PDC-16 in complex with imipenem	immanuel.d@vit.ac.in
30hi	30HI: Ternary complex of translating ribosome, NAC and NatB	ban@mol.biol.ethz.ch
39ac	39AC: Crystal structure of a Nucleoside diphosphate kinase from Treponema pallidum (ADP complex)	swlovell@ku.edu
38ye	38YE: Crystal structure of a Formate acetyltransferase (PFL) from Megasphaera lornae in complex with Pyruvate	swlovell@ku.edu
9wxc	9WXC: Crystal structure of C-terminal truncated calcium-dependent protein kinase 3 (CPK3) from Arabidopsis thaliana	zhixinwang@mail.tsinghua.edu.cn
9wzq	9WZQ: UDP-N-acetyl-D-muramoyl-L-alanyl-D-glutamate ligase	maenaka@pharm.hokudai.ac.jp
9zak	9ZAK: Cryo-EM structure of Leishmania tarentolae respiratory complex IV (cytochrome c oxidase dimer)	chao@molbio.mgh.harvard.edu
9zy5	9ZY5: Ca2+ bound gated state Connexin-46	reichow@ohsu.edu
37nt	37NT: Crystal structure of the extracellular region of the human receptor tyrosine kinase MERTK	kathryn.ferguson@yale.edu
9zap	9ZAP: cI(NTD) of Phage VP882	bbassler@princeton.edu
28rf	28RF: Cryo-EM single particle structure of the Plastid-Encoded RNA Polymerase (PEP)from Chlamydomonas reinhardtii.	schullej@staff.uni-marburg.de
9pbi	9PBI: Extra Med5/16 of PIC-Med-SWI/SNF	shigekin@stanford.edu
9pwf	9PWF: Menthol-bound mouse TRPM8-I846V in complex with PIP2 in an intermediate (C2M, 20C) state	seok-yong.lee@duke.edu
9tw7	9TW7: FgFR4-D2 in complex with Fab5322	magali.mathieu@sanofi.com
9xqh	9XQH: LEN-bound HIV-1 capsid lattice within intact VLPs	machida.s@jihs.go.jp
9yj1	9YJ1: PC94-A.31 Fab in complex with BG505 SOSIP trimer and RM20A3 Fab	andrew@scripps.edu
9zxx	9ZXX: Ca2+ bound destabilized open state Connexin-46	reichow@ohsu.edu
35sb	35SB: Polar Interface Homodimer - S4A	bkuhlman@email.unc.edu
9st5	9ST5: BstEII apo	xxi01@ens-cachan.fr
9tx9	9TX9: Mature MPMV E26A capsid hexamer structure from capsid-like particles	briggs@biochem.mpg.de
9srs	9SRS: Partial cryo-EM structure of essential Mycoplasma pneumoniae lipoprotein Mpn444 (flexible loops excluded)	achilleas.frangakis@biophysik.org
21iq	21IQ: E coli CNF1 in complex with BCAM receptor	chunzhou@zju.edu.cn
30qx	30QX: Cryo-EM structure of the E. coli DRT10 RT-ncRNA complex, Eco3 subtype with dNTPs	shsternberg@gmail.com
38eu	38EU: Isoreticular co-crystal 1 with asymmetrical expanded duplex (31mer) containing insert sequence GACGGCCCG with poly-C tail and poly-G guest	Christopher.Snow@colostate.edu
9pbt	9PBT: ARP of SWI/SNF of PIC-Med-SWI/SNF-Nucleosome	shigekin@stanford.edu
9vi0	9VI0: Complex structure of BoNT-like PG1 at pH 6.0	pengch@whu.edu.cn
9x1f	9X1F: NMR structure of the membrane-active toxin U11-MYRTX-Tb1a from ant Tetramorium bicarinatum in DPC micelle	lyukmanova_ekaterina@smbu.edu.cn
9yz2	9YZ2: Measles Virus Fusion Glycoprotein Postfusion Core [D458(Cya) Variant]	victoroutlaw@missouri.edu
9ssj	9SSJ: Dishevelled 2 PDZ domain in complex with Daple peptide	mb2@mrc-lmb.cam.ac.uk
9x13	9X13: Solution structure of Tilapia piscidin-3 (TP3)	zoocjy@gate.sinica.edu.tw
12at	12AT: Cryo-EM structure of alpha-synuclein filaments (doublet) from M83(+/+) mouse brains with A53T mutation	Yang.Yang@vai.org
22kq	22KQ: Cryo-EM structure of AtSLAH3	2024203060022@whu.edu.cn
34jx	34JX: IDOL RING domain in complex with PCM-0102126-001	franziska.guenther@cmd.ox.ac.uk
38yv	38YV: Crystal structure of Phosphoribosylaminoimidazole carboxylase from Burkholderia xenovorans (Guanine complex)	swlovell@ku.edu
9zc4	9ZC4: Cryo-EM structure of Leishmania tarentolae respiratory complex V (ATP synthase) peripheral stalk	chao@molbio.mgh.harvard.edu
9tw1	9TW1: structure of Fab 4012 alone	magali.mathieu@sanofi.com
33ar	33AR: T33-Fus-1B cage - Designed tetrahedral protein cage based on helical fusion and machine learning	rcastellsg@cnio.es
9yiz	9YIZ: Crystal structure of yeast coatomer alpha-WD40 domain H31A mutant	sshasan@som.umaryland.edu
9t0o	9T0O: Solution structure of Nanofitin C10 in complex with a 12unit aromatic oligoamide foldamer	cameron.mackereth@inserm.fr
9x1a	9X1A: AF219-bound structure of P2X332	cy.wang@siat.ac.cn
21th	21TH: Enterovirus 71 Polymerase (S417G mutant) Elongation Complex with Remdesivir Nucleotides at Product Strand Positions -2 and -4 (C1S1 form)	gongpeng@wh.iov.cn
9wx4	9WX4: CryoEM structure of a dNTPase from Vibrio cholerae in hexadecamericmform	zhang_kuo666@163.com
36up	36UP: S. aureus DNA Gyrase in complex with OSUAB-0284 and DNA	bell.489@osu.edu
31vh	31VH: Alcalase/CI-2A complex at 277K	wojtekr@ibch.poznan.pl
45al	45AL: Crystal structure of voltage-gated sodium channel NavAb N49K mutant	kirie@wakayama-med.ac.jp
30bc	30BC: Structure of the Hepatitis C Virus E2 Core from Genotype 6a in Complex with Germline Reverted Variants of the Broadly Neutralizing Antibody AR3A	Netanel.Tzarum@mail.huji.ac.il
9t24	9T24: High-resolution crystal structure of the G3BP1 NTF2L domain homodimer with alternate F124 conformations	p.gerlach@imol.institute
23tm	23TM: Structure of the 328-692 fragment of FlhA (A489E) form 2	kimada@chem.sci.osaka-u.ac.jp
11im	11IM: Focused Cryo-EM map of a half-region of the human ZNFX1 tetramer	huilin.li@vai.org
13fz	13FZ: Cryo-EM structure of human ZNFX1 dimer in complex with ssRNA and ATPgS	Huilin.Li@vai.org
9tx4	9TX4: Mature MoMLV capsid hexamer 3-fold interface from capsid-like particles	briggs@biochem.mpg.de
9tx5	9TX5: Mature MoMLV capsid hexamer structure from capsid-like particles	briggs@biochem.mpg.de
9wxw	9WXW: Crystal structure of SARS-CoV-2 main protease in complex with PBI0451	rmsl_2040@163.com
9ywv	9YWV: Serotonin-bound structure	min.lu@rosalindfranklin.edu
23tx	23TX: Cryo-EM structure of Arabidopsis H3-H4 octasome class4	takasuka@agr.hokudai.ac.jp
32dh	32DH: Crystal structure of YAP1(165-209) in complex with LATS2(511-522_C513S)	sascha.gutmann@novartis.com
9wx6	9WX6: Cryo-EM Structure of the 14-Mer ATPase Complex YsaN from the Type III Secretion System of Yersinia enterocolitica	dpatra1982.iicb@csir.res.in
9zb4	9ZB4: Cryo-EM structure of Leishmania tarentolae respiratory complex V (ATP synthase) membrane region	chao@molbio.mgh.harvard.edu
9w8d	9W8D: human VMAT2 in complex with MDMA	jiangdh@iphy.ac.cn
9sun	9SUN: Crystal structure of CRBN-midi in complex with 1-(1-(piperidin-4-yl)-1H-indol-4-yl)dihydropyrimidine-2,4(1H,3H)-dione	a.ciulli@dundee.ac.uk
10ot	10OT: Crystal structure of mouse CD38 in complex with compound 6	rinku.jain@abbvie.com
11fb	11FB: Structure of GDP-bound KRAS-G12C/Y96C, a Switch-II Pocket Inhibitor Resistance Mutant	dhirendra.simanshu@nih.gov
11ft	11FT: Structure of GDP-bound KRAS-G12C/Q99L, a Switch-II Pocket Inhibitor Resistance Mutant	dhirendra.simanshu@nih.gov
25rz	25RZ: Cryo-EM structure of the E. coli beta sliding clamp-Hda heterohexamer	mkikkawa@m.u-tokyo.ac.jp
28ji	28JI: LASV cap-snatching endonuclease, cryo apo structure	alke.meents@desy.de
31lq	31LQ: Crystal structure of Geobacillus thermodenitrificans YqeK in complex with ADP	gert.bange@synmikro.uni-marburg.de
31lp	31LP: Crystal structure of Geobacillus thermodenitrificans YqeK	gert.bange@synmikro.uni-marburg.de
38yx	38YX: Crystal structure of Phosphoribosylaminoimidazole carboxylase from Burkholderia xenovorans in complex with aminoimidazole 4-carboxamide ribonucleotide	swlovell@ku.edu
38yw	38YW: Crystal structure of Phosphoribosylaminoimidazole carboxylase from Burkholderia xenovorans (Apo)	swlovell@ku.edu
9pwh	9PWH: AITC- and PIP2-bound mouse TRPM8 in a closed (C1A) state	seok-yong.lee@duke.edu
9suf	9SUF: High Throughput Crystallography to Combat Antibiotic Resistance - VIM2 with compound x0807	christopher.schofield@chem.ox.ac.uk
9xk8	9XK8: In situ C2S2M2L4-type PSII-LHCII supercomplex, moderately bound (M-) LHCII trimer with CP29 and CP24, protomer 1	jiao.li@ustc.edu.cn
9yiy	9YIY: Crystal structure of mouse coatomer beta2-WD40 domain in complex with MHV spike tail hepta-peptide	sshasan@som.umaryland.edu
9yjv	9YJV: Structure of RyR1-toxin complex	filip.vanpetegem@ubc.ca
11ri	11RI: D189A thrombin inhibited with D-Phe-Pro-Gln-Chloromethylketone	enrico.dicera@health.slu.edu
11vg	11VG: D189F thrombin inhibited with D-Phe-Pro-Gln-Chloromethylketone	enrico.dicera@health.slu.edu
21wv	21WV: In situ structure of the C2S2M2L4-type PSII-LHCII supercomplex from Oryza sativa	jiao.li@ustc.edu.cn
21wi	21WI: In situ structure of the trans-lumenal/trans-stromal PSII-LHCII trimer (TL-TS trimer) from Oryza sativa	jiao.li@ustc.edu.cn
38yc	38YC: Crystal structure of a Formate acetyltransferase (PFL) from Megasphaera lornae in complex with CoA and Pyruvate	swlovell@ku.edu
38xy	38XY: Crystal structure of a Formate acetyltransferase (PFL) from Megasphaera lornae with an acetylated active site cysteine and flipped catalytic loop	swlovell@ku.edu
9vr4	9VR4: Trapped reaction intermediate of the DNA Repair Enzyme Endonuclease VIII with DNA containing T opposite the crosslink	oxoguanine@gmail.com
9vrm	9VRM: Trapped reaction intermediate of the DNA Repair Enzyme Endonuclease VIII with DNA containing C opposite the crosslink	oxoguanine@gmail.com
9wyw	9WYW: Crystal structure of K27-linked di-ubiquitin in complex with synthetic antigen binding fragment	panman@sjtu.edu.cn
9xk3	9XK3: In situ C2S2M2L4-type PSII-LHCII supercomplex, core, protomer 1	jiao.li@ustc.edu.cn
9ydh	9YDH: Crystal structure of P. furiosus SRP54 NG domain wild type	bruner@ufl.edu
29wj	29WJ: Structure of monomerized native leukocyte myeloperoxidase in complex with the Staphylococcal Peroxidase Inhibitor SPIN	vera.pfanzagl@boku.ac.at
31ak	31AK: Structure of native human leukocyte myeloperoxidase	vera.pfanzagl@boku.ac.at
12of	12OF: Cryo-EM structure of Arabidopsis VIM1 in complex with hemi-methylated CG-containing nucleosome 1	jikuis@ucr.edu
9sue	9SUE: High Throughput Crystallography to Combat Antibiotic Resistance - VIM2 with compound x0802	christopher.schofield@chem.ox.ac.uk
9u5f	9U5F: cryo-EM structure of l-SPD binding to D2R	youwen_zhuang@sjtu.edu.cn
9yz1	9YZ1: Structure of a canine circovirus virus-like particle	fasseli.coulibaly@monash.edu
9ssc	9SSC: Cryo-EM structure of essential Mycoplasma pneumoniae lipoprotein Mpn444 homotrimeric assembly	achilleas.frangakis@biophysik.org
12ap	12AP: Cryo-EM structure of alpha-synuclein filaments (singlet) from Parkinson's disease with A53T mutation in SNCA	Yang.Yang@vai.org
25oy	25OY: Crystal Structure Analysis of the Short-Chain Dehydrogenase/Reductase GoSDR for Patulin Detoxification	dailonghai@hubu.edu.cn
38zs	38ZS: Crystal structure of a Nucleoside diphosphate kinase from Treponema pallidum	swlovell@ku.edu
9wz2	9WZ2: Crystal structure of Cas13a-B complex	liangliu2019@xmu.edu.cn
11uy	11UY: Cryo-EM structure of dimeric Nitrogenase MoFe protein from Methanosarcina acetivorans	edwin.antony@health.slu.edu
9ubu	9UBU: The capsid structure of Mink Enteritis Virus	mg@cau.edu.cn
25mn	25MN: Lysine racemase TM1597	asfushi@mail.ecc.u-tokyo.ac.jp
9srr	9SRR: Full-length cryo-EM structure of essential Mycoplasma pneumoniae lipoprotein Mpn436	achilleas.frangakis@biophysik.org
13du	13DU: BRAF/CRAF/14-3-3 complex	eck@crystal.harvard.edu
9srh	9SRH: helical form of Polybia-CP	meytal.landau@cssb-hamburg.de
9sud	9SUD: High Throughput Crystallography to Combat Antibiotic Resistance - VIM2 with compound x0801	christopher.schofield@chem.ox.ac.uk
9ye2	9YE2: Crystal Structure of the GRAM-4 antibody fragment in complex with NAGG peptide	bart.staker@seattlechildrens.org
9vp1	9VP1: NADPH and 1-benzyl-4-methylpiperidin-3-one complex structure of Glucose Dehydrogenase M6-VAG from Bacillus megaterium	1049906677@qq.com
9st7	9ST7: BstEII in complex with dsDNA substrate	xxi01@ens-cachan.fr
12sl	12SL: Structure of a Strand-Displacement Complex of Human Mitochondrial DNA Polymerase Gamma	dmitry.temiakov@jefferson.edu
45lq	45LQ: Crystal structure of Escherichia coli YidC in complex with YibN	ttsukaza@bs.naist.jp
9x27	9X27: X-ray Structure of the EGFP:GBPR(R34K) Complex	chenxihit@hit.edu.cn
12cw	12CW: D189K thrombin inhibited with D-Phe-Pro-Arg-Chloromethylketone	enrico.dicera@health.slu.edu
37dn	37DN: Discovery of CNS Penetrant Transthyretin (TTR) Stabilizers with Heterocyclic Linkers	shenping.liu@pfizer.com
21ir	21IR: Laminin 511 in complex with BCAM	chunzhou@zju.edu.cn
10pb	10PB: TASK-2 L127N at pH 6.5	brohawn@berkeley.edu
25io	25IO: Mtb galactan transporter Rv3781/3783, ATP-bound	zhanglu1@shanghaitech.edu.cn
29il	29IL: LASV cap-snatching endonuclease in complex with 2,4-dioxo-4-phenylbutanoic acid - SFX	alke.meents@desy.de
38wt	38WT: Crystal structure of the CFTR inhibitory factor Cif with the L174A mutation	dean.r.madden@dartmouth.edu
9pwg	9PWG: The pre-open state (pre-OM, 20C), menthol-bound mouse TRPM8-I846V in complex with AITC and PIP2	seok-yong.lee@duke.edu
9w8f	9W8F: human VMAT2 in complex with AMPH	jiangdh@iphy.ac.cn
9y69	9Y69: The cold-intermediate state (C2M, 4C), menthol-bound mouse TRPM8-I846V in complex with AITC and PIP2	seok-yong.lee@duke.edu
11gh	11GH: Structure of GMPPNP-bound KRAS-G12C/Y96D, a Switch-II Pocket Inhibitor Resistance Mutant, in Complex with the RAF1 RBD-CRD	dhirendra.simanshu@nih.gov
13dv	13DV: BRAF/CRAF/MEK1/14-3-3 complex	eck@crystal.harvard.edu
36yd	36YD: S. aureus DNA Gyrase in complex with OSUAB-0276 and DNA	bell.489@osu.edu
9vr3	9VR3: Trapped reaction intermediate of the DNA Repair Enzyme Endonuclease VIII with DNA containing G opposite the crosslink	oxoguanine@gmail.com
9x4i	9X4I: Structure of the young Killifish Ribosome	songj@kaist.ac.kr
9zy7	9ZY7: Ca2+ bound gated state Connexin-50	reichow@ohsu.edu
38wy	38WY: Crystal structure of the CFTR inhibitory factor Cif with the S179A mutation	dean.r.madden@dartmouth.edu
39ai	39AI: Crystal structure of the CFTR inhibitory factor Cif with the R163C mutation labelled with a fluorine probe	dean.r.madden@dartmouth.edu
9qoq	9QOQ: Leishmania donovani ISP2 in complex with bovine trypsin	ehmke.pohl@durham.ac.uk
9tgc	9TGC: Structure of B10 anti-stem antibody in complex with ZEBOV spike complex	ron.diskin@weizmann.ac.il
9w8e	9W8E: human VMAT2 in complex with METH	jiangdh@iphy.ac.cn
9x23	9X23: Ra22QT77 RBD in complex with Bat ACE2	nureki@bs.s.u-tokyo.ac.jp
43ko	43KO: LEN-unbound HIV-1 capsid lattice within VLPs treated with PFO, C6 symmetry	machida.s@jihs.go.jp
29wm	29WM: Crystal structure of the G3BP1 NTF2L domain homodimer in complex with La Crosse virus nucleoprotein N-terminal peptide	p.gerlach@imol.institute
9srv	9SRV: Partial cryo-EM structure of essential Mycoplasma pneumoniae lipoprotein Mpn436 (flexible loops excluded)	achilleas.frangakis@biophysik.org
9sr1	9SR1: helical Aurein 3.3, mP form	meytal.landau@cssb-hamburg.de
11rk	11RK: D189A thrombin inhibited with D-Phe-Pro-Phe-Chloromethylketone	enrico.dicera@health.slu.edu
11vj	11VJ: Effector BcTde1 in complex with BcTdi1 mutant P151G	dustin-bosch@uiowa.edu
21wr	21WR: X-ray crystal structure of Honey Truffle Sweetener	si.liu@tju.edu.cn
30qm	30QM: Cryo-EM structure of the E. coli DRT10 RT-ncRNA complex, Eco1 subtype	shsternberg@gmail.com
38rr	38RR: Cryo-EM structure of Sr01-080, a denovo designed borneol dehydrogenase	shina.kamerlin@chemistry.gatech.edu
46ke	46KE: Cryo-EM structure of bacteriophage A1002 neck-collar	hrliu@hunnu.edu.cn
9wze	9WZE: 3f-fold region of mature T7 with defocus refinement	hrliu@hunnu.edu.cn
9x24	9X24: zearalenone degrading enzyme mutant S102A/L134V/M157V with a-zearalenol	wmmu@jiangnan.edu.cn
31vj	31VJ: Alcalase/CI-2A(M59P) complex at 100K	wojtekr@ibch.poznan.pl
9t53	9T53: Structure of the Vesicular Stomatitis Virus L Protein in Complex with the Phosphoprotein and the Nucleoprotein	spjwhelan@wustl.edu
10pd	10PD: TASK-2 K245A at pH 6.5	brohawn@berkeley.edu
10zp	10ZP: Cryo-EM structure of TccCas13a-crRNA-target RNA ternary complex	yg60@rice.edu
28ua	28UA: LASV cap-snatching endonuclease, serial synchrotron apo structure	alke.meents@desy.de
36ca	36CA: Dehydrogenase AprD5 complexed with NAD and UDP-beta-D-Glucose	jzhang@cm.utexas.edu
9txb	9TXB: Mature MPMV capsid hexamer structure from capsid-like particles	briggs@biochem.mpg.de
9x02	9X02: Crystal structure of human type VII collagen vWFA2 domain in complex with homo-trimeric collagen model peptide.	hirooki@gen-info.osaka-u.ac.jp
9x2d	9X2D: Ilamycin carboxylase IlaL	pengm@sdu.edu.cn
9x26	9X26: Crystal structure of CDK12/Cyclin K in complex with covalent inhibitor ZLC853	dingk@mail.sioc.ac.cn
9sx8	9SX8: Crystal structure of eSNAr1.3 (K39A) in complex with 2,4-dinitrobromobenzene	anthony.green@manchester.ac.uk
9x0h	9X0H: Diguanylate cyclase Q15Z91 complex with c-di-GMP and GTP	lanlan.han@xjtlu.edu.cn
21tj	21TJ: Enterovirus 71 Polymerase (S417G mutant) Elongation Complex with Two Remdesivir Nucleotides Posing between Product Strand Positions -4/-5 and -6/-7, respectively (C3S1o form)	gongpeng@wh.iov.cn
21tl	21TL: Enterovirus 71 Polymerase Elongation Complex with a remdesivir nucleotide at product strand positions +1 (C1S5 form)	gongpeng@wh.iov.cn
30bg	30BG: Structure of the Hepatitis C Virus E2 Core from Genotype 6a in Complex with 1-69 Germline-Reverted Variants of the Broadly Neutralizing Antibody U1	Netanel.Tzarum@mail.huji.ac.il
12it	12IT: Thrombin inhibited with D-Phe-Pro-Gln-Chloromethylketone	enrico.dicera@health.slu.edu
9zy3	9ZY3: Ca2+ bound destabilized open state Connexin-50	reichow@ohsu.edu
45am	45AM: Crystal structure of voltage-gated sodium channel NavAb N49K mutant	kirie@wakayama-med.ac.jp
30gy	30GY: Structure of carbamoylated Ser198 recombinant human butyrylcholinesterase upon reaction with (1-benzylpyrrolidin-3-yl)methyl o-tolylcarbamate	xavier.brazzolotto@def.gouv.fr
9yj0	9YJ0: PC94-A.16 Fab in complex with P94_v18_c046 Chimera DS-SOSIP trimer and RM20A3 Fab	andrew@scripps.edu
10lp	10LP: Crystal structure of mouse CD38 with compound 9	chris.brosey@abbvie.com
13fu	13FU: Focused Cryo-EM map of a half-region of the ZNFX1 dimer in complex with ssRNA and ATPgS	huilin.li@vai.org
25in	25IN: Mtb galactan transporter Rv3781/3783, open state	zhanglu1@shanghaitech.edu.cn
43kn	43KN: LEN-bound HIV-1 capsid lattice within VLPs treated with PFO, C6 symmetry	machida.s@jihs.go.jp
9tx6	9TX6: Mature MoMLV capsid pentamer structure from capsid-like particles	briggs@biochem.mpg.de
9ywu	9YWU: Histamine-bound structure	min.lu@rosalindfranklin.edu
23tv	23TV: Cryo-EM structure of Arabidopsis H3-H4 octasome class3	takasuka@agr.hokudai.ac.jp
11yh	11YH: D189F thrombin inhibited with D-Phe-Pro-Phe-Chloromethylketone	enrico.dicera@health.slu.edu
9u5e	9U5E: cryo-EM structure of l-SPD bound D1R-Gs complex	youwen_zhuang@sjtu.edu.cn
9x4e	9X4E: Structure of the old Killifish Proteasome	songj@kaist.ac.kr
25sa	25SA: Cryo-EM structure of the E. coli beta sliding clamp-Hda heterotrimer	mkikkawa@m.u-tokyo.ac.jp
9suc	9SUC: High Throughput Crystallography to Combat Antibiotic Resistance - VIM2 with compound x0797	christopher.schofield@chem.ox.ac.uk
9yhp	9YHP: FEM1B with small molecule activator	mrape@berkeley.edu
10pc	10PC: TASK-2 at pH 6.5 with 100 uM Bupivacaine	brohawn@berkeley.edu
21ke	21KE: E coli CNF1 D5 domain in complex with BCAM	chunzhou@zju.edu.cn
25ry	25RY: Cryo-EM structure of the E. coli beta sliding clamp-Hda heterooctamer	mkikkawa@m.u-tokyo.ac.jp
28ub	28UB: LASV cap-snatching endonuclease in complex with 2,4-dioxo-4-phenylbutanoic acid - serial synchrotron crystallography	alke.meents@desy.de
28uc	28UC: LASV cap-snatching endonuclease in complex with BXA - serial synchrotron crystallography	alke.meents@desy.de
38el	38EL: Isoreticular co-crystal 1 with symmetrical expanded duplex (31mer) containing insert sequence CCCGGCCGGA with unpaired poly-C tail	Christopher.Snow@colostate.edu
38ew	38EW: Isoreticular co-crystal 1 with symmetrical expanded duplex (31mer) containing insert sequence CCCGGCCGGA with poly-C tail and poly-G guest	Christopher.Snow@colostate.edu
9pck	9PCK: Human DNA Polymerase Gamma-RNA-DNA Primer-Template Complex with Incoming ATP	dmitry.temiakov@jefferson.edu
9pwe	9PWE: Menthol-bound mouse TRPM8 in complex with AITC and PIP2 in a closed (C1M') state	seok-yong.lee@duke.edu
9suh	9SUH: High Throughput Crystallography to Combat Antibiotic Resistance - VIM2 with compound x0830	christopher.schofield@chem.ox.ac.uk
9wyj	9WYJ: Trimeric Alpha-Helix-Inserted Circular Permutant of Cytochrome c555 (I8K/T14D)	hirota.shun@naist.ac.jp
9xk4	9XK4: In situ C2S2M2L4-type PSII-LHCII supercomplex, core, protomer 2	jiao.li@ustc.edu.cn
9yhz	9YHZ: Crystal structure of Trap1 bound to Si-MitoQ	changwook@korea.ac.kr
9zyr	9ZYR: Menthol-and PIP2-bound mouse TRPM8 in a closed (C1M) state	seok-yong.lee@duke.edu
9tvz	9TVZ: FgFR4-D2 domain in complex with Fab 5936	magali.mathieu@sanofi.com
11xw	11XW: D189F thrombin inhibited with D-Phe-Pro-Arg-Chloromethylketone	enrico.dicera@health.slu.edu
21wd	21WD: In situ structure of the bis-trans-lumenal/trans-stromal PSII-LHCII tetramer (TL-TS-TL tetramer) from Oryza sativa	jiao.li@ustc.edu.cn
27ut	27UT: In situ structure of the trans-lumenal PSII-LHCII dimer from Oryza sativa (composite)	jiao.li@ustc.edu.cn
38xx	38XX: Crystal structure of a Formate acetyltransferase (PFL) from Megasphaera lornae with an acetylated active site cysteine	swlovell@ku.edu
38yl	38YL: Crystal structure of a Formate acetyltransferase (PFL) from Megasphaera lornae in complex with CoA and Oxamate	swlovell@ku.edu
9sul	9SUL: CRYO-EM STRUCTURE OF TRYPANOSOMA BRUCEI BLOODSTREAM FORM 80S RIBOSOME	Ada.Yonath@weizmann.ac.il
9x1b	9X1B: ATP-bound structure of P2X322	cy.wang@siat.ac.cn
9x4d	9X4D: Structure of the old Killifish Ribosome	songj@kaist.ac.kr
9pbd	9PBD: PolII/TFIIF of PIC-Med-SWI/SNF	shigekin@stanford.edu
28tf	28TF: Crystal structure of Lotus japonicus CHIP13 ectodomain in complex with chitoheptaose	kira@mbg.au.dk
30gx	30GX: Structure of recombinant human BChE in complex with 1-benzylpyrrolidin-3-yl o-tolylcarbamate	xavier.brazzolotto@def.gouv.fr
34jw	34JW: IDOL RING domain in complex with Z1213725191	franziska.guenther@cmd.ox.ac.uk
9tvr	9TVR: FgFR4-D2 domain in complex with Fab 4012	magali.mathieu@sanofi.com
9x1j	9X1J: Design and synthesis of novel STING agonist antibody- drug conjugates.	Bianjl@cpu.edu.cn
9zc5	9ZC5: Cryo-EM structure of Leishmania tarentolae respiratory complex V (ATP synthase) Fo monomer membrane region	chao@molbio.mgh.harvard.edu
9wz1	9WZ1: Crystal structure of LbuHicB	liangliu2019@xmu.edu.cn
12ae	12AE: NMR structure and free-energy simulations for rational design of myotonic dystrophy RNA inhibitors	mwledeboer@gmail.com
28xg	28XG: DIT3 nanofibril	marcus.faendrich@uni-ulm.de
38zp	38ZP: SNM1A Nuclease Domain Bound to Phosphorothioate-Modified Single-Stranded DNA in the Presence of Ni and Zn Ion	mjunop@uwo.ca
9wih	9WIH: Parallel DNA G-quadruplex formed by AA(GGGT)3GGGAA in potassium condition	bharathwaj@iiserb.ac.in
9zr2	9ZR2: Crystal structure of immunity protein SciX from Salmonella Typhimurium	gerd.prehna@umanitoba.ca
11es	11ES: Structure of GDP-bound KRAS-G12C/H95Q, a Switch-II Pocket Inhibitor Resistance Mutant	dhirendra.simanshu@nih.gov
28jg	28JG: LASV cap-snatching endonuclease in complex with BXA - single crystal, cryo	alke.meents@desy.de
9tx7	9TX7: Mature MPMV capsid hexamer 3-fold interface from capsid-like particles	briggs@biochem.mpg.de
9wdn	9WDN: Crystal structure of a novel toxin-antitoxin system	462736233@qq.com
13fc	13FC: Polar Interface Homodimer - S3G	bkuhlman@email.unc.edu
21tk	21TK: Enterovirus 71 Polymerase (S417G mutant) Elongation Complex with Two Remdesivir Nucleotides Posing between Product Strand Positions -4/-5 and -6/-7, respectively (C3S6 form)	gongpeng@wh.iov.cn
30bh	30BH: Structure of the Hepatitis C Virus E2 Core from Genotype 6a in Complex with Germline-Reverted Variants of the Broadly Neutralizing Antibody U1	Netanel.Tzarum@mail.huji.ac.il
31vi	31VI: Alcalase/CI-2A complex at 100K	wojtekr@ibch.poznan.pl
30cp	30CP: Structure of the Hepatitis C Virus E2 Core from Genotype 6a in Complex with Germline Reverted Variants of the Broadly Neutralizing Antibody AR3C	Netanel.Tzarum@mail.huji.ac.il
23tk	23TK: Structure of the 328-692 fragment of FlhA (A489E) form 1	kimada@chem.sci.osaka-u.ac.jp
22oa	22OA: Cryo-EM structure of AtSLAH3 L400A mutant	2024203060022@whu.edu.cn
9txa	9TXA: Mature MPMV capsid pentamer structure from capsid-like particles	briggs@biochem.mpg.de
24mq	24MQ: Cryo-EM structure of Arabidopsis H3-H4 octasome	takasuka@agr.hokudai.ac.jp
37ef	37EF: Discovery of Neutral and CSF Penetrant Transthyretin (TTR) Stabilizers with Heterocyclic Linkers	shenping.liu@pfizer.com
9sr5	9SR5: Crystal Structure of the NlpC/P60 Peptidase YkfC from Bacillus subtilis	thilo.stehle@uni-tuebingen.de
10oy	10OY: TASK-2 at pH 6.5	brohawn@berkeley.edu
25ip	25IP: Mtb galactan transporter Rv3781/3783, translocating intermediate state	zhanglu1@shanghaitech.edu.cn
29im	29IM: LASV cap-snatching endonuclease in complex with BXA - SFX	alke.meents@desy.de
38we	38WE: Crystal structure of the CFTR inhibitory factor Cif with the F164A mutation	dean.r.madden@dartmouth.edu
39ag	39AG: Crystal structure of the E153Q/S179G mutant of the CFTR inhibitory factor Cif containing the adducted S-Styrene oxide hydrolysis intermediate	dean.r.madden@dartmouth.edu
9wzo	9WZO: Crystal structure of 5-HT2AR in complex with antipsychotic drug pimavanserin	wangsheng@sibcb.ac.cn
9xk9	9XK9: In situ C2S2M2L4-type PSII-LHCII supercomplex, moderately bound (M-) LHCII trimer with CP29 and CP24, protomer 2	jiao.li@ustc.edu.cn
9pb8	9PB8: TBP/TFIIE/DNA of PIC-Med-SWI/SNF	shigekin@stanford.edu
12og	12OG: Cryo-EM structure of Arabidopsis VIM1 in complex with hemi-methylated CG-containing nucleosome 2	jikuis@ucr.edu
21wg	21WG: In situ structure of the mixed trans-lumenal/trans-stromal and side-by-side PSII-LHCII tetramer (TL-TS-SS tetramer) from Oryza sativa	jiao.li@ustc.edu.cn
45ar	45AR: Crystal structure of C11 nanobody in complex with human MR1-5-OP-RU	Wael.awad@monash.edu
9x1c	9X1C: ATP-bound structure of P2X332	cy.wang@siat.ac.cn
29to	29TO: Structure of monomerized and de-glycosylated native leukocyte myeloperoxidase in complex with the Staphylococcal Peroxidase Inhibitor SPIN	vera.pfanzagl@boku.ac.at
